Workbook

Sheet Sheet1
A1: 기준연도 | B1: 학교종류 | C1: 설립구분 | D1: 지역 | E1: 상태 | F1: 학교 | G1: 수업료 | H1: 등록금 | I1: 인문사회 | J1: 자연과학 | K1: 예체능 | L1: 공학 | M1: 의학 | N1: 도로명주소 | O1: 위도 | P1: 경도
A2: 2025 | B2: 대학교 | C2: 사립 | D2: 강원 | E2: 기존 | F2: 가톨릭관동대학교 | G2: 7505368.9 | H2: 7505368.9 | I2: 6595136.5 | J2: 7998357.9 | K2: 8522435.7 | L2: 8549265.1 | M2: 10390000 | N2: =VLOOKUP(F2,[1]개황현황!$C$2:$X$2057,11,0) -> 강원특별자치도 강릉시 범일로579번길 24 | O2: =VLOOKUP(F2,[1]개황현황!$C$2:$X$2057,13,0) -> 37.7373287772 | P2: =VLOOKUP(F2,[1]개황현황!$C$2:$X$2057,14,0) -> 128.8737045796
A3: 2025 | B3: 대학교 | C3: 국립 | D3: 강원 | E3: 기존 | F3: 국립강릉원주대학교 | G3: 4256798.1 | H3: 4256798.1 | I3: 3488000 | J3: 4315624.2 | K3: 5057569.9 | L3: 4616000 | M3: 7966000 | N3: =VLOOKUP(F3,[1]개황현황!$C$2:$X$2057,11,0) -> 강원특별자치도 강릉시 죽헌길 7 | O3: =VLOOKUP(F3,[1]개황현황!$C$2:$X$2057,13,0) -> 37.7656949331 | P3: =VLOOKUP(F3,[1]개황현황!$C$2:$X$2057,14,0) -> 128.8700048366
A4: 2025 | B4: 대학교 | C4: 사립 | D4: 강원 | E4: 기존 | F4: 경동대학교 | G4: 6728666.7 | H4: 6728666.7 | I4: 6728666.7 | J4: 0 | K4: 0 | L4: 0 | M4: 0 | N4: =VLOOKUP(F4,[1]개황현황!$C$2:$X$2057,11,0) -> 강원특별자치도 고성군 토성면 봉포4길 46 | O4: =VLOOKUP(F4,[1]개황현황!$C$2:$X$2057,13,0) -> 38.2515339090 | P4: =VLOOKUP(F4,[1]개황현황!$C$2:$X$2057,14,0) -> 128.5565424527
A5: 2025 | B5: 대학교 | C5: 사립 | D5: 강원 | E5: 기존 | F5: 상지대학교 | G5: 7859253.5 | H5: 7859253.5 | I5: 7023046.2 | J5: 8146406.6 | K5: 8106854.3 | L5: 8719839.8 | M5: 10338000 | N5: =VLOOKUP(F5,[1]개황현황!$C$2:$X$2057,11,0) -> 강원특별자치도 원주시 상지대길 83 | O5: =VLOOKUP(F5,[1]개황현황!$C$2:$X$2057,13,0) -> 37.3691192870 | P5: =VLOOKUP(F5,[1]개황현황!$C$2:$X$2057,14,0) -> 127.9299150659
A6: 2025 | B6: 대학교 | C6: 사립 | D6: 강원 | E6: 기존 | F6: 한라대학교 | G6: 7532127.5 | H6: 7532127.5 | I6: 6214814.8 | J6: 0 | K6: 8148822.3 | L6: 8149604.7 | M6: 0 | N6: =VLOOKUP(F6,[1]개황현황!$C$2:$X$2057,11,0) -> 강원특별자치도 원주시 흥업면 한라대길 28 | O6: =VLOOKUP(F6,[1]개황현황!$C$2:$X$2057,13,0) -> 37.3039828221 | P6: =VLOOKUP(F6,[1]개황현황!$C$2:$X$2057,14,0) -> 127.9069246715
A7: 2025 | B7: 대학교 | C7: 국립 | D7: 강원 | E7: 기존 | F7: 강원대학교 | G7: 4179919 | H7: 4179919 | I7: 3444907 | J7: 4345621.5 | K7: 4569547.4 | L7: 4422248.7 | M7: 8506384.4 | N7: =VLOOKUP(F7,[1]개황현황!$C$2:$X$2057,11,0) -> 강원특별자치도 춘천시 강원대학길 1 | O7: =VLOOKUP(F7,[1]개황현황!$C$2:$X$2057,13,0) -> 37.8680243076 | P7: =VLOOKUP(F7,[1]개황현황!$C$2:$X$2057,14,0) -> 127.7483874081
A8: 2025 | B8: 교육대학 | C8: 국립 | D8: 강원 | E8: 기존 | F8: 춘천교육대학교 | G8: 3494000 | H8: 3494000 | I8: 3494137.1 | J8: 3494179 | K8: 3493528.3 | L8: 0 | M8: 0 | N8: =VLOOKUP(F8,[1]개황현황!$C$2:$X$2057,11,0) -> 강원특별자치도 춘천시 공지로 126 | O8: =VLOOKUP(F8,[1]개황현황!$C$2:$X$2057,13,0) -> 37.8594173196 | P8: =VLOOKUP(F8,[1]개황현황!$C$2:$X$2057,14,0) -> 127.7486049086
A9: 2025 | B9: 대학교 | C9: 사립 | D9: 강원 | E9: 기존 | F9: 한림대학교 | G9: 7971522.3 | H9: 7971522.3 | I9: 7016695.2 | J9: 8293176.1 | K9: 8536206.3 | L9: 8864277.1 | M9: 10888292 | N9: =VLOOKUP(F9,[1]개황현황!$C$2:$X$2057,11,0) -> 강원특별자치도 춘천시 한림대학길 1 | O9: =VLOOKUP(F9,[1]개황현황!$C$2:$X$2057,13,0) -> 37.8854286586 | P9: =VLOOKUP(F9,[1]개황현황!$C$2:$X$2057,14,0) -> 127.7349573000
A10: 2025 | B10: 대학교 | C10: 사립 | D10: 경기 | E10: 기존 | F10: 한국항공대학교 | G10: 8935459.5 | H10: 8935459.5 | I10: 7108000 | J10: 8552320 | K10: 0 | L10: 9246759.9 | M10: 0 | N10: =VLOOKUP(F10,[1]개황현황!$C$2:$X$2057,11,0) -> 경기도 고양시 덕양구 항공대학로 76 | O10: =VLOOKUP(F10,[1]개황현황!$C$2:$X$2057,13,0) -> 37.5990163345 | P10: =VLOOKUP(F10,[1]개황현황!$C$2:$X$2057,14,0) -> 126.8641725268
A11: 2025 | B11: 대학교 | C11: 사립 | D11: 경기 | E11: 기존 | F11: 서울장신대학교 | G11: 7728884.6 | H11: 7728884.6 | I11: 7167828.6 | J11: 0 | K11: 8884000 | L11: 0 | M11: 0 | N11: =VLOOKUP(F11,[1]개황현황!$C$2:$X$2057,11,0) -> 경기도 광주시 경안로 145 | O11: =VLOOKUP(F11,[1]개황현황!$C$2:$X$2057,13,0) -> 37.4091821120 | P11: =VLOOKUP(F11,[1]개황현황!$C$2:$X$2057,14,0) -> 127.2454525766
A12: 2025 | B12: 대학교 | C12: 사립 | D12: 경기 | E12: 기존 | F12: 한세대학교 | G12: 8598513.3 | H12: 8598513.3 | I12: 7528722.6 | J12: 8640000 | K12: 9959822 | L12: 9272000 | M12: 0 | N12: =VLOOKUP(F12,[1]개황현황!$C$2:$X$2057,11,0) -> 경기도 군포시 한세로 30 | O12: =VLOOKUP(F12,[1]개황현황!$C$2:$X$2057,13,0) -> 37.3441480061 | P12: =VLOOKUP(F12,[1]개황현황!$C$2:$X$2057,14,0) -> 126.9538537340
A13: 2025 | B13: 대학교 | C13: 사립 | D13: 경기 | E13: 기존 | F13: 중앙승가대학교 | G13: 1820000 | H13: 1820000 | I13: 1820000 | J13: 0 | K13: 0 | L13: 0 | M13: 0 | N13: =VLOOKUP(F13,[1]개황현황!$C$2:$X$2057,11,0) -> 경기도 김포시 승가로 123 | O13: =VLOOKUP(F13,[1]개황현황!$C$2:$X$2057,13,0) -> 37.6069350372 | P13: =VLOOKUP(F13,[1]개황현황!$C$2:$X$2057,14,0) -> 126.7088665060
... A216: 2025 | B216: 대학교 | C216: 국립 | D216: 충북 | E216: 기존 | F216: 국립한국교통대학교 | G216: 4111989.3 | H216: 4111989.3 | I216: 3727619.7 | J216: 4131239.9 | K216: 4389418 | L216: 4238014 | M216: 0 | N216: =VLOOKUP(F216,[1]개황현황!$C$2:$X$2057,11,0) -> 충청북도 충주시 대소원면 대학로 50 | O216: =VLOOKUP(F216,[1]개황현황!$C$2:$X$2057,13,0) -> 36.9688466997 | P216: =VLOOKUP(F216,[1]개황현황!$C$2:$X$2057,14,0) -> 127.8727694477
